,id,tweet,label
0,1506574752063922182,"@AltcoinDailyio @LinkSync_tech new Roadmap for 2022 is currently being updated. They expect this to be released in upcoming week! Don't miss out on this Gem! ğŸ’
ğŸ”œğŸš€ğŸŒ™
#SYNC #SyncArmy #cryptocurrency #Defi #Crypto #BinanceSmartChain #bnb #roadmap #bullish",
1,1506574561042649090,"@HuobiGlobal @HuobiGlobal #Aquagoat will go absolute fireğŸ”¥ğŸ”¥ğŸ”¥ soon , the moon is inevitableğŸš€ğŸš€ğŸš€ğŸŒŠ #BNB #btc #SOL",
2,1506574474703155203,"@xhashtagio @AntidoteDao I Think, this is very strong project,Thanks for shared this wonderful opportunity, Best wishes for all team members

@AlAmin78744584 @AtikurR05677813 @NurHoss61201905 @AshikurIslam14 @kiRedoy2

#AntidoteDAO #avalanche #crypto #giveaways",
3,1506574426053263363,"@Rainmaker1973 @LinkSync_tech new Roadmap for 2022 is currently being updated. They expect this to be released in upcoming week! Don't miss out on this Gem! ğŸ’
ğŸ”œğŸš€ğŸŒ™
#SYNC #SyncArmy #cryptocurrency #Defi #Crypto #BinanceSmartChain #bnb #roadmap #bullish",
4,1506574417182138370,":#Ryuji #BSCGem #BSC #Crypto #P2E #Gaming 
I think this is one of the most successful applications of makes the future a reality by creating a comfortable and safe.",
5,1506574368302059520,"I think that the bull run is on âœ¨ğŸš€ğŸš€ğŸš€
#btc #ETH #SOL #BabyDoge #trx #xrp",
6,1506574334722441219,"@SubQueryNetwork @Polkadot @avalancheavax I'm happy i participate
This project and thank you Team i hope
Success ur project ğŸ’“â¤ï¸ğŸ‘ŒğŸš€

@HELALSEKH1
@ruhul00755
@saheb766",
7,1506574315138867204,"The idea of these guys makes you think about participating in this project, I advise everyone to join. #GRN  #SustainableBlockchain #GRNGRID #Defi #cryptocurrency",
8,1506574242359431172,"@gatechain_io @LinkSync_tech new Roadmap for 2022 is currently being updated. They expect this to be released in upcoming week! Don't miss out on this Gem! ğŸ’
ğŸ”œğŸš€ğŸŒ™
#SYNC #SyncArmy #cryptocurrency #Defi #Crypto #BinanceSmartChain #bnb #roadmap #bullish",
9,1506574198088822791,"@dragonmaster_co DragonMaster is so amazing and Lovely Project. I think this project is the best Innovative Project. I am very happy to participate this airdrop. 

@mdzidankhan6 
@ahatikhasan 
@Arman_Hossain08 

#Airdrop #DragonMaster $DMT #Crypto #Giveway",
10,1506574165301952513,"@GulfCoin_ I hope this project is always growing to be successfully! Don't be late guys! ğŸš€ğŸš€ğŸš€
@EProffessorr
@ShahnewazSifat
@Arifarman137
#Airdrop #Crypto #Airdrops #cryptocurrency #giveaway #BSC #Gulfcoin",
11,1506574102408138754,"@BSCGrimaceCoin @robtswthrayguns @McDonalds #puppyday #BabyDoge #dogecoin #SHIB 

We flyğŸš€ğŸš€ğŸš€ğŸš€ğŸš€ğŸš€ğŸš€ğŸš€ğŸš€ğŸš€ğŸš€ğŸš€",
12,1506574014088888325,"How's the #crypto market doing today?

Analysts be like:
There are a lot of people wanting to sell. Also there are a lot of people wanting to buy.",
13,1506573990193770505,"@Crypto__Diva That will surely be #ETH and #OGN

 This gem is preparing for a massive takeoff, so add $OGN to your portfolio today",
14,1506573972036542471,"ğŸ””ğŸ“ˆ $XRP is UP 1.22% over the last hour to $0.83! 
 ğŸ•“ 23-03-22 | 10:09 GMT",
15,1506573877534728195,"Al-Jawhara $mnet The end of currency editing is approaching, and two platforms will be added soon, and other news will be announced by the work team
$kucoin $tel $glmr $gari $vra $ooki #btc #altcoin $roar $naka $starly $shx $skey $bond $lsk $sdn $dexe $mbl $woo ğŸš€ğŸ’¯ğŸ”¥ğŸ”¥",
16,1506573871780089856,Current #Dogecoin Price: $0.1221 ğŸ“‰ ğŸ•+ğŸš€=ğŸŒ‘,
17,1506573808744173569,"@HuobiGlobal #altcoin going to the moon in 2022?
                                           ğŸŒ•
                                      ğŸš€
                                ğŸš€
                          ğŸš€
                    ğŸš€
              ğŸš€
         ğŸš€
    ğŸš€
ğŸŒ  
â˜ï¸
ğŸ”¥#ALTSEASON ğŸ”¥ ğŸ¤” #Agora",
18,1506573767266422784,@DynoCrypto @BaklajanNFT Just about to say exactly this. ğŸ’¯ chance of a CBCD. Think itâ€™s also fair to say it will change the crypto landscape. But #btc will survive and thrive,
19,1506573667316432896,@SubQueryNetwork @Polkadot @avalancheavax Go to the moonğŸš€ğŸš€ğŸš€,
20,1506573659540193284,"#GameFi industry is going to be huge once people realise that the passive income in #crypto world is far far better than main source of income of many working class. 

This is the industry in which @Virus_Capital is being developed. 

#Virus_Capital ğŸš€ğŸš€

#GameFi #NFTs  #BSC",
21,1506573646839656449,"@APompliano @LinkSync_tech new Roadmap for 2022 is currently being updated. They expect this to be released in upcoming week! Don't miss out on this Gem! ğŸ’
ğŸ”œğŸš€ğŸŒ™
#SYNC #SyncArmy #cryptocurrency #Defi #Crypto #BinanceSmartChain #bnb #roadmap #bullish",
22,1506573493323841543,@XRP_Moonshots Youâ€™re a idiot if you think xrp will replace the fed reserve,
23,1506573458997657616,"@BearNakedCrypto @crypto_is_good @BlockchainBoyy it technically suck in PA but Rock solid for it tech n fundamental of the system, time to buy the real dip bro it's basically like eth after it Genesis n cardano in 2018 after it crash down to hell,,",
24,1506573414483513347,"ğŸ¶ Current price: 0.1215 USD (-1.19% | -0.0015 today)

 â¬†Highest price: 0.126 USD
 â¬‡Lowest price: 0.1211 USD

 #Dogecoin #Doge $Doge",
25,1506573238008229892,"@0xPolygon @LinkSync_tech new Roadmap for 2022 is currently being updated. They expect this to be released in upcoming week! Don't miss out on this Gem! ğŸ’
ğŸ”œğŸš€ğŸŒ™
#SYNC #SyncArmy #cryptocurrency #Defi #Crypto #BinanceSmartChain #bnb #roadmap #bullish",
26,1506573229623808003,"To CELEBRATE my 100%ğŸš€âœ… WIN RATE on trading :

- 1 $EGLD ğŸ’¸ 
or 
- 200$ ğŸ’´ TO WIN ğŸ† 

Follow ğŸ‘¥+ Retweet ğŸ” + FAV â¤ï¸

To have a chance to win ! LETâ€™S GOOOğŸš€ğŸ’ƒ 

#btc #eth #cryptocurrency #bitcoin #Binance #BitcoinButton #EGLD",
27,1506573195192639494,"@hgmiller29 @crypto ğŸ® TERRAVERSE ğŸ®

@Real_terraverse

ğŸ”’ DOXXED TEAM 2X KYC
ğŸ’° 4% BUSD Rewards
ğŸš€ FAIRLAUNCH March 23 16:00 UTC
ğŸ‘¾ P2E Game 
â˜‘ï¸ LAUNCH March 26 on PCS
#BSC #BNB #BTC #DOGE #SHIBA #BSCGem #1000xgem #Terraverse",
28,1506573153870381059,"@BloombergLive @crypto @LinkedIn ğŸ® TERRAVERSE ğŸ®

@Real_terraverse

ğŸ”’ DOXXED TEAM 2X KYC
ğŸ’° 4% BUSD Rewards
ğŸš€ FAIRLAUNCH March 23 16:00 UTC
ğŸ‘¾ P2E Game 
â˜‘ï¸ LAUNCH March 26 on PCS
#BSC #BNB #BTC #DOGE #SHIBA #BSCGem #1000xgem #Terraverse",
29,1506573105803710465,@JoelKatz XRP To The Moon Soon ğŸ‘½ğŸš€,
30,1506573102343286789,"@crypto ğŸ® TERRAVERSE ğŸ®

@Real_terraverse

ğŸ”’ DOXXED TEAM 2X KYC
ğŸ’° 4% BUSD Rewards
ğŸš€ FAIRLAUNCH March 23 16:00 UTC
ğŸ‘¾ P2E Game 
â˜‘ï¸ LAUNCH March 26 on PCS
#BSC #BNB #BTC #DOGE #SHIBA #BSCGem #1000xgem #Terraverse",
31,1506573078712705024,"Pairs:ETHUSDT 
 BUY:2953.36000 
 Time :3/23/2022 1:05:58 PM
 Average Decision: 50.52111FifteenMinutes 
 Estimated Direction: UP
 #BTC #PEOPLEBTC #Bitcoin #RSÄ° #Bollinger -It is not investment advice. You can visit our profile for your own alarms. YTD. 1:06:14 PM",
32,1506573063155904518,"@SubQueryNetwork @Polkadot @avalancheavax nice project and congratulations to the team for their efforts and dedication and higly appreciated the visionary thought of the projector and will create history it will go to the moon ğŸš€ğŸš€ 
@Akashro60336449
 
@limondas01300
 
@sujon
 
@sadiyaprova 
#KDG  #GiveAway #Airdrop",
33,1506573052959948807,"Do you guys think I should sell my #Critterz to buy a #Metroverse ğŸ¤”
Let me know in the comments! #NFTCommumity #NFTs #ETH #Minecraft",
34,1506573012396494851,"@MalathiNayak @crypto @technology ğŸ® TERRAVERSE ğŸ®

@Real_terraverse

ğŸ”’ DOXXED TEAM 2X KYC
ğŸ’° 4% BUSD Rewards
ğŸš€ FAIRLAUNCH March 23 16:00 UTC
ğŸ‘¾ P2E Game 
â˜‘ï¸ LAUNCH March 26 on PCS
#BSC #BNB #BTC #DOGE #SHIBA #BSCGem #1000xgem #Terraverse",
35,1506572942435811331,"ğŸ”¥ New Algo detection: GENS/USDT ğŸ”¥

ğŸ•› 03-23-2022 10:05:54
ğŸš€ $GENS
ğŸ“ˆ Current Price: 0.0144 $USDT
â© Exchange: #Kucoin

No Investment Advice.
Follow us on Twitter.
#Crypto #Algo #GENS",
36,1506572885023936517,"ğŸ’µ US$ 0.000000002835 
ğŸ“‰ 24h: -0.18% 
ğŸ“… Last update: 03/23/2022 - 10:04:00 UTC 
#babydoge #babydogecoin #dogearmy #dogecoin #dogeswap",
37,1506572858989842433,"@crypto ğŸ® TERRAVERSE ğŸ®

@Real_terraverse

ğŸ”’ DOXXED TEAM 2X KYC
ğŸ’° 4% BUSD Rewards
ğŸš€ FAIRLAUNCH March 23 16:00 UTC
ğŸ‘¾ P2E Game 
â˜‘ï¸ LAUNCH March 26 on PCS
#BSC #BNB #BTC #DOGE #SHIBA #BSCGem #1000xgem #Terraverse",
38,1506572847137042433,"ğŸ”¥ New Algo detection: ASTR/USDT ğŸ”¥

ğŸ•› 03-23-2022 10:05:32
ğŸš€ $ASTR
ğŸ“ˆ Current Price: 0.1058 $USDT
â© Exchange: #Kucoin

No Investment Advice.
Follow us on Twitter.
#Crypto #Algo #ASTR",
39,1506572797107408896,"@GoldRushNFTGame I Think, this is very strong project
Thanks for shared this wonderful opportunity
Best wishes for all team members

@davfin0501 
@amatbamyak 
@Cryptohunter269 

#Airdrops #Giveaway
#Crypto #Airdrops #Blockchain #CryptoNews",
40,1506572770880106496,"@crypto ğŸ® TERRAVERSE ğŸ®

@Real_terraverse

ğŸ”’ DOXXED TEAM 2X KYC
ğŸ’° 4% BUSD Rewards
ğŸš€ FAIRLAUNCH March 23 16:00 UTC
ğŸ‘¾ P2E Game 
â˜‘ï¸ LAUNCH March 26 on PCS
#BSC #BNB #BTC #DOGE #SHIBA #BSCGem #1000xgem #Terraverse",
41,1506572726214946818,"@crypto ğŸ® TERRAVERSE ğŸ®

@Real_terraverse

ğŸ”’ DOXXED TEAM 2X KYC
ğŸ’° 4% BUSD Rewards
ğŸš€ FAIRLAUNCH March 23 16:00 UTC
ğŸ‘¾ P2E Game 
â˜‘ï¸ LAUNCH March 26 on PCS
#BSC #BNB #BTC #DOGE #SHIBA #BSCGem #1000xgem #Terraverse",
42,1506572671777050625,"@crypto @Yueqi_Yang ğŸ® TERRAVERSE ğŸ®

@Real_terraverse

ğŸ”’ DOXXED TEAM 2X KYC
ğŸ’° 4% BUSD Rewards
ğŸš€ FAIRLAUNCH March 23 16:00 UTC
ğŸ‘¾ P2E Game 
â˜‘ï¸ LAUNCH March 26 on PCS
#BSC #BNB #BTC #DOGE #SHIBA #BSCGem #1000xgem #Terraverse",
43,1506572626029793288,"@crypto ğŸ® TERRAVERSE ğŸ®

@Real_terraverse

ğŸ”’ DOXXED TEAM 2X KYC
ğŸ’° 4% BUSD Rewards
ğŸš€ FAIRLAUNCH March 23 16:00 UTC
ğŸ‘¾ P2E Game 
â˜‘ï¸ LAUNCH March 26 on PCS
#BSC #BNB #BTC #DOGE #SHIBA #BSCGem #1000xgem #Terraverse",
44,1506572560409890821,"@crypto ğŸ® TERRAVERSE ğŸ®

@Real_terraverse

ğŸ”’ DOXXED TEAM 2X KYC
ğŸ’° 4% BUSD Rewards
ğŸš€ FAIRLAUNCH March 23 16:00 UTC
ğŸ‘¾ P2E Game 
â˜‘ï¸ LAUNCH March 26 on PCS
#BSC #BNB #BTC #DOGE #SHIBA #BSCGem #1000xgem #Terraverse",
45,1506572530223661059,Who else out here tryna make it in the metaverse?ğŸš€ ğŸ’ #WAGMI #LFG #ToTheMoon #crypto #NFTartists #NFTs,
46,1506572502079705092,"@crypto ğŸ® TERRAVERSE ğŸ®

@Real_terraverse

ğŸ”’ DOXXED TEAM 2X KYC
ğŸ’° 4% BUSD Rewards
ğŸš€ FAIRLAUNCH March 23 16:00 UTC
ğŸ‘¾ P2E Game 
â˜‘ï¸ LAUNCH March 26 on PCS
#BSC #BNB #BTC #DOGE #SHIBA #BSCGem #1000xgem #Terraverse",
47,1506572464083636224,"#SaitaRealty will be enlightened by #SaitaMask on FridayğŸ˜. It is considered one of the most important #Saitama platinum keys that will increase the launch speed of the missileğŸš€ very soonğŸ”¥
ğŸ”¥ğŸ˜ğŸ”¥ğŸš€ğŸ˜ğŸ”¥ğŸš€ğŸ”¥ğŸ˜ğŸ”¥ğŸš€
#SaitamaToken #SaitamaUk #UseSaitaMask #SaitamaWolfPackâ€Œ #crypto",
48,1506572389848600577,RT @MattWallace888: Press RETWEET if you think @McDonalds should do an Elon Musk meal that you can only buy with #Dogecoin!,
49,1506572387126427650,"@crypto ğŸ® TERRAVERSE ğŸ®

@Real_terraverse

ğŸ”’ DOXXED TEAM 2X KYC
ğŸ’° 4% BUSD Rewards
ğŸš€ FAIRLAUNCH March 23 16:00 UTC
ğŸ‘¾ P2E Game 
â˜‘ï¸ LAUNCH March 26 on PCS
#BSC #BNB #BTC #DOGE #SHIBA #BSCGem #1000xgem #Terraverse",
50,1506572374975848448,#Bobcoin #BOBC #coinsbit #blockchain #Crypto #bounty #aladdincenter #bountycampaign. The only way in crypto sphere today to give monetary power to the People or to redistribute wealth is through a socially inefficient deflationary model and an unfair tax in trade.,
51,1506572241051344901,"@crypto ğŸ® TERRAVERSE ğŸ®

@Real_terraverse

ğŸ”’ DOXXED TEAM 2X KYC
ğŸ’° 4% BUSD Rewards
ğŸš€ FAIRLAUNCH March 23 16:00 UTC
ğŸ‘¾ P2E Game 
â˜‘ï¸ LAUNCH March 26 on PCS
#BSC #BNB #BTC #DOGE #SHIBA #BSCGem #1000xgem #Terraverse",
52,1506572217051758593,"Follows, 
what will be next face of #nftart in the space?
It is like we all are using the same method or technology. 
any new way, you think?
#opensea 
#nftprojects
#NFTCommunity 
#ETH 
#cryptoartist",
53,1506572129512280066,"@crypto ğŸ® TERRAVERSE ğŸ®

@Real_terraverse

ğŸ”’ DOXXED TEAM 2X KYC
ğŸ’° 4% BUSD Rewards
ğŸš€ FAIRLAUNCH March 23 16:00 UTC
ğŸ‘¾ P2E Game 
â˜‘ï¸ LAUNCH March 26 on PCS
#BSC #BNB #BTC #DOGE #SHIBA #BSCGem #1000xgem #Terraverse",
54,1506572080128569344,"@crypto ğŸ® TERRAVERSE ğŸ®

@Real_terraverse

ğŸ”’ DOXXED TEAM 2X KYC
ğŸ’° 4% BUSD Rewards
ğŸš€ FAIRLAUNCH March 23 16:00 UTC
ğŸ‘¾ P2E Game 
â˜‘ï¸ LAUNCH March 26 on PCS
#BSC #BNB #BTC #DOGE #SHIBA #BSCGem #1000xgem #Terraverse",
55,1506572053914259460,"Closed Sell 1.0 Lots #Forex #BTC #Trading #EURUSD 1.09973 for +7.5 pips, total for today +154.1 pips",
56,1506572017511936001,"Biggest winners this past hour ğŸ“ˆ ğŸ‘€ (follow for hourly updates)
$OXT â¡ï¸ 18.22%
$JUV â¡ï¸ 5.51%
$POLS â¡ï¸ 5.3%
$CLV â¡ï¸ 5.19%
$FET â¡ï¸ 5.07%
(23/03/2022 @ 10:00am GMT)
#crypto #cryptomarket #cryptotrading #TRADINGTIPS #tradingsignals",
57,1506572012160004098,"Biggest losers this past hour ğŸ“‰ (follow for hourly updates)
$EGLD â¡ï¸ -2.26%
$AGLD â¡ï¸ -2.14%
$NBT â¡ï¸ -1.72%
$ASR â¡ï¸ -1.47%
$DREP â¡ï¸ -1.23%
(23/03/2022 @ 10:00am GMT)
#crypto #cryptomarket #cryptotrading #TRADINGTIPS #tradingsignals",
58,1506572001812656137,"Strongest #MACD #sellsignals this hour ğŸ“‰ (follow for hourly updates)
$SUSHI â¡ï¸ -0.057 %
EMA12 crossed below EMA26 (difference / close price in %) 23/03/2022 @ 10:00am GMT
#crypto #cryptomarket #cryptotrading #TRADINGTIPS #tradingsignals",
59,1506571969377959938,"@crypto @kaileyleinz @mattmiller1973 @allyversprille @sonalibasak ğŸ® TERRAVERSE ğŸ®

@Real_terraverse

ğŸ”’ DOXXED TEAM 2X KYC
ğŸ’° 4% BUSD Rewards
ğŸš€ FAIRLAUNCH March 23 16:00 UTC
ğŸ‘¾ P2E Game 
â˜‘ï¸ LAUNCH March 26 on PCS
#BSC #BNB #BTC #DOGE #SHIBA #BSCGem #1000xgem #Terraverse",
60,1506571946179371009,"ğŸš¨ğŸš¨ğŸš¨ğŸš¨ğŸš¨ #Crypto Price Alert!! ğŸš¨ğŸš¨ğŸš¨ğŸš¨ğŸš¨ 

$LEO has increased by 0.60078% in the past hourğŸš€ğŸš€ 

Moon now?? Follow to stay updated #LEO",
61,1506571907134590978,"Gas used in currently pending transactions:

ğŸš€ 15 seconds &gt;&gt;&gt;&gt; 28 Gwei
ğŸš— 1 minute  &gt;&gt;&gt;&gt;&gt; 27 Gwei
ğŸŒ 3 minutes &gt;&gt;&gt;&gt;&gt; 23 Gwei
ğŸ¦¥ &gt;10 minutes &gt;&gt;&gt; 20 Gwei

#Ethereum #ETH #GasPrice",
62,1506571897730908173,@CallMeMatt @CallMeMatt #Aquagoat will go vertical real soon ğŸš€ğŸ”¥ğŸ”¥ this Gem will take over ğŸš€ğŸš€ğŸš€ğŸ’ #BNB  @TheMoonCarl  @davidgokhshtein  #btc  #BSC,
63,1506571895159676937,"@ioliveradoll @crypto @business ğŸ® TERRAVERSE ğŸ®

@Real_terraverse

ğŸ”’ DOXXED TEAM 2X KYC
ğŸ’° 4% BUSD Rewards
ğŸš€ FAIRLAUNCH March 23 16:00 UTC
ğŸ‘¾ P2E Game 
â˜‘ï¸ LAUNCH March 26 on PCS
#BSC #BNB #BTC #DOGE #SHIBA #BSCGem #1000xgem #Terraverse",
64,1506571859097100301,"@crypto ğŸ® TERRAVERSE ğŸ®

@Real_terraverse

ğŸ”’ DOXXED TEAM 2X KYC
ğŸ’° 4% BUSD Rewards
ğŸš€ FAIRLAUNCH March 23 16:00 UTC
ğŸ‘¾ P2E Game 
â˜‘ï¸ LAUNCH March 26 on PCS
#BSC #BNB #BTC #DOGE #SHIBA #BSCGem #1000xgem #Terraverse",
65,1506571773264900096,"@crypto ğŸ® TERRAVERSE ğŸ®

@Real_terraverse

ğŸ”’ DOXXED TEAM 2X KYC
ğŸ’° 4% BUSD Rewards
ğŸš€ FAIRLAUNCH March 23 16:00 UTC
ğŸ‘¾ P2E Game 
â˜‘ï¸ LAUNCH March 26 on PCS
#BSC #BNB #BTC #DOGE #SHIBA #BSCGem #1000xgem #Terraverse",
66,1506571687038439427,"A lot of people seem to think Erik ten Hag is a ""promising young manager.""

He's older than Pep Guardiola.
#MUFC 
#Poch 
#ETH",
67,1506571659763150849,"@SubQueryNetwork @Polkadot @avalancheavax This is excellent project for the future with strong team, a transparent, planned and project roadmap. It will be successfull. Always be waiting for the progress of this project. To the moonğŸš€ğŸš€
@azizulhoque02 
@Torun77601745 
@MdSaiful0303",
68,1506571603756281857,"@crypto ğŸ® TERRAVERSE ğŸ®

@Real_terraverse

ğŸ”’ DOXXED TEAM 2X KYC
ğŸ’° 4% BUSD Rewards
ğŸš€ FAIRLAUNCH March 23 16:00 UTC
ğŸ‘¾ P2E Game 
â˜‘ï¸ LAUNCH March 26 on PCS
#BSC #BNB #BTC #DOGE #SHIBA #BSCGem #1000xgem #Terraverse",
69,1506571592545058816,"@TheMoonCarl What do you think about the current #Bitcoin state, since its Fear and Greed Index is 52 - NEUTRAL at the moment, with price of 42153.169789248859 usd? Our analytical team has done a detailed analysis regarding #BTC, but we want to hear your opinion too.",
70,1506571575365193730,"The current price of one DOGE is now: $0.1221, 0% change in the last hour!

One MDOGE is worth $122,062.0300.

Total volume in last 24H: $484,286,649.

Current CoinMarketCap Rank: #13

$DOGE #DOGECOIN",
71,1506571542813159430,"#ZILUSDT #PUMP #Cryptocurrency #binance
ğŸ“ˆAlert Currency PUMPğŸ’¸ğŸ’¸ğŸ’¸
Crypto Coin symbol: ZIL
Price now: 0.04692000
Snapshoot price: 0.04246000",
72,1506571532516143105,"The analyzed crypto is #Bitcoin:
Current price and volume: ğŸ’²42170.44, ğŸ’²25.9B
Rating: 0.09 -&gt; neutral for short term
Changes: -0.49% daily, -2.35% monthly
Long term: -19.32% yearly, -1.55% 6 months -&gt; hold (or sell for profit)

#crypto #bitcoin #ethereum",
73,1506571509283770371,"@crypto ğŸ® TERRAVERSE ğŸ®

@Real_terraverse

ğŸ”’ DOXXED TEAM 2X KYC
ğŸ’° 4% BUSD Rewards
ğŸš€ FAIRLAUNCH March 23 16:00 UTC
ğŸ‘¾ P2E Game 
â˜‘ï¸ LAUNCH March 26 on PCS
#BSC #BNB #BTC #DOGE #SHIBA #BSCGem #1000xgem #Terraverse",
74,1506571470562119680,"#altcoin going to the moon in 2022?
                                           ğŸŒ•
                                      ğŸš€
                                ğŸš€
                          ğŸš€
                    ğŸš€
              ğŸš€
         ğŸš€
    ğŸš€
ğŸŒ  
â˜ï¸
ğŸ”¥#ALTSEASON ğŸ”¥ ğŸ¤” #ARV",
75,1506571468737552384,"ğŸ”„ Prices update in $USD | Last 1 hour

$XRP ğŸŸ¢: 0.82 $    (+0.05 %)
$SOL ğŸ”´: 91 $      (-0.11 %)
$DOGE ğŸ”´: 0.12 $    (-0.25 %)
$DOT ğŸ”´: 20.2 $    (-0.72 %)",
76,1506571464698482692,"The current price of one DOGE is now: $0.1221, 0% change in the last hour!

One MDOGE is worth $122,062.0300.

Total volume in last 24H: $484,286,649.

Current CoinMarketCap Rank: #13

$DOGE #DOGECOIN",
77,1506571461003145218,The current value of 1 DOGE in USD is: $0.12215 (ğŸ“ˆ up 0.000200 so far today). #dogecoin,
78,1506571460126687233,"Bitcoin: $42175.1
ğŸ’” -85.4 last 1 Hour (-0.2%)
ğŸ’š +238.35 last 5 Hours (+0.57%)
ğŸ’” -309.82 last 24 Hours (-0.73%)

#BitcoinPriceUpdates #Bitcoin #HourlyCrypto #CryptoUpdates #Crypto
Powered By @CryptoCompare API",
79,1506571455991099399,"@HuobiGlobal #altcoin going to the moon in 2022?
                                           ğŸŒ•
                                      ğŸš€
                                ğŸš€
                          ğŸš€
                    ğŸš€
              ğŸš€
         ğŸš€
    ğŸš€
ğŸŒ  
â˜ï¸
ğŸ”¥#ALTSEASON ğŸ”¥ ğŸ¤” #GHC",
80,1506571454925750277,"Most mentionned cryptos on reddit today so far:
$BTC : 397 
$ETH : 168 
$LRC : 158 
$ADA : 96 
$BCH : 46 
$SHIB : 40 
$DOGE : 34 
$LTC : 33 
$ETC : 33 
$CRO : 26 
$ALGO : 25 
$DOT : 24 
$ATOM : 23 
$MATIC : 20 
$APE : 19 
$XRP : 17 
$USDT : 15 
$XNO : 15 
$ONE : 15 
$XLM : 14",
81,1506571438710353924,"@BloombergTV @crypto ğŸ® TERRAVERSE ğŸ®

@Real_terraverse

ğŸ”’ DOXXED TEAM 2X KYC
ğŸ’° 4% BUSD Rewards
ğŸš€ FAIRLAUNCH March 23 16:00 UTC
ğŸ‘¾ P2E Game 
â˜‘ï¸ LAUNCH March 26 on PCS
#BSC #BNB #BTC #DOGE #SHIBA #BSCGem #1000xgem #Terraverse",
82,1506571438559731718,"ğŸ”¥ New Algo detection: RLC/USDT ğŸ”¥

ğŸ•› 03-23-2022 09:59:56
ğŸš€ $RLC
ğŸ“ˆ Current Price: 2.0253 $USDT
â© Exchange: #Kucoin

No Investment Advice.
Follow us on Twitter.
#Crypto #Algo #RLC",
83,1506571414559596545,".:CryptoXbets #Casino #Cryptogames #Crypto #bounty
 The best platform and concept. Great future and Good team i think this projects Will be success.",
84,1506571400072491009,"@crypto ğŸ® TERRAVERSE ğŸ®

@Real_terraverse

ğŸ”’ DOXXED TEAM 2X KYC
ğŸ’° 4% BUSD Rewards
ğŸš€ FAIRLAUNCH March 23 16:00 UTC
ğŸ‘¾ P2E Game 
â˜‘ï¸ LAUNCH March 26 on PCS
#BSC #BNB #BTC #DOGE #SHIBA #BSCGem #1000xgem #Terraverse",
85,1506571385065259008,"@stoney_society Wazzap guys, how is your day? Seems like #crypto is going down and I wanna ask you what tools do you use now? I just try to find a suitable instrument for fiat and crypto trading",
86,1506571346771251200,"@BloombergTV @crypto ğŸ® TERRAVERSE ğŸ®

@Real_terraverse

ğŸ”’ DOXXED TEAM 2X KYC
ğŸ’° 4% BUSD Rewards
ğŸš€ FAIRLAUNCH March 23 16:00 UTC
ğŸ‘¾ P2E Game 
â˜‘ï¸ LAUNCH March 26 on PCS
#BSC #BNB #BTC #DOGE #SHIBA #BSCGem #1000xgem #Terraverse",
87,1506571303301443585,"@BloombergTV @crypto ğŸ® TERRAVERSE ğŸ®

@Real_terraverse

ğŸ”’ DOXXED TEAM 2X KYC
ğŸ’° 4% BUSD Rewards
ğŸš€ FAIRLAUNCH March 23 16:00 UTC
ğŸ‘¾ P2E Game 
â˜‘ï¸ LAUNCH March 26 on PCS
#BSC #BNB #BTC #DOGE #SHIBA #BSCGem #1000xgem #Terraverse",
88,1506571273723428867,"@GiveawayInspect Very interesting project with specific goals, a good product and a great team that will certainly achieve its goals

@jamecher2
@alexhuong4
@loan77490957
@daoquynhanh0909
@AnnaLyn424

ğŸ”¥ğŸ”¥ ğŸš€  #Giveaway #Giveaways #GiveawayInspector #BSC #USDT #Retoken #Crypto #Bitcoin",
89,1506571256451121153,"@business @crypto ğŸ® TERRAVERSE ğŸ®

@Real_terraverse

ğŸ”’ DOXXED TEAM 2X KYC
ğŸ’° 4% BUSD Rewards
ğŸš€ FAIRLAUNCH March 23 16:00 UTC
ğŸ‘¾ P2E Game 
â˜‘ï¸ LAUNCH March 26 on PCS
#BSC #BNB #BTC #DOGE #SHIBA #BSCGem #1000xgem #Terraverse",
90,1506571216647168003,"@crypto ğŸ® TERRAVERSE ğŸ®

@Real_terraverse

ğŸ”’ DOXXED TEAM 2X KYC
ğŸ’° 4% BUSD Rewards
ğŸš€ FAIRLAUNCH March 23 16:00 UTC
ğŸ‘¾ P2E Game 
â˜‘ï¸ LAUNCH March 26 on PCS
#BSC #BNB #BTC #DOGE #SHIBA #BSCGem #1000xgem #Terraverse",
91,1506571162423332866,ğŸ’¸ Earn free #BTC and multiply crypto up to 15% monthly with @betfury BOXes ğŸ“¦ Enjoy the easy way to get cryptocurrency! Real rewards every 20 min ğŸ’¥ ğŸ“ˆ Referral Bonuses 35% #betfurysuccess,
92,1506571158849679362,"@allyversprille @crypto @HaunVentures @olgakharif @jeneps ğŸ® TERRAVERSE ğŸ®

@Real_terraverse

ğŸ”’ DOXXED TEAM 2X KYC
ğŸ’° 4% BUSD Rewards
ğŸš€ FAIRLAUNCH March 23 16:00 UTC
ğŸ‘¾ P2E Game 
â˜‘ï¸ LAUNCH March 26 on PCS
#BSC #BNB #BTC #DOGE #SHIBA #BSCGem #1000xgem #Terraverse",
93,1506571135298961413,"@SoccerFan_io Very Good and Very Strong ProjectğŸš€ğŸš€ğŸš€ğŸš€ğŸš€ğŸš€ğŸš€ğŸš€
I want more projects like this. Thank you

@jisan_boss @Jahidul82846698 @JULIEN__COIN @JoshimSyed 

#DOGE #Ethereum #eth",
94,1506571127061364739,"#Altcoin going to the moon in 2022?
                                           ğŸŒ•
                                      ğŸš€
                                ğŸš€
                          ğŸš€
                    ğŸš€
              ğŸš€
         ğŸš€
    ğŸš€
ğŸŒ  
â˜ï¸
ğŸ”¥#ALTSEASON ğŸ”¥ ğŸ¤” #RACA",
95,1506571114553638912,"@crypto ğŸ® TERRAVERSE ğŸ®

@Real_terraverse

ğŸ”’ DOXXED TEAM 2X KYC
ğŸ’° 4% BUSD Rewards
ğŸš€ FAIRLAUNCH March 23 16:00 UTC
ğŸ‘¾ P2E Game 
â˜‘ï¸ LAUNCH March 26 on PCS
#BSC #BNB #BTC #DOGE #SHIBA #BSCGem #1000xgem #Terraverse",
96,1506571053660733443,"@crypto ğŸ® TERRAVERSE ğŸ®

@Real_terraverse

ğŸ”’ DOXXED TEAM 2X KYC
ğŸ’° 4% BUSD Rewards
ğŸš€ FAIRLAUNCH March 23 16:00 UTC
ğŸ‘¾ P2E Game 
â˜‘ï¸ LAUNCH March 26 on PCS
#BSC #BNB #BTC #DOGE #SHIBA #BSCGem #1000xgem #Terraverse",
97,1506570978943385606,"@crypto ğŸ® TERRAVERSE ğŸ®

@Real_terraverse

ğŸ”’ DOXXED TEAM 2X KYC
ğŸ’° 4% BUSD Rewards
ğŸš€ FAIRLAUNCH March 23 16:00 UTC
ğŸ‘¾ P2E Game 
â˜‘ï¸ LAUNCH March 26 on PCS
#BSC #BNB #BTC #DOGE #SHIBA #BSCGem #1000xgem #Terraverse",
98,1506570927206645762,"@crypto ğŸ® TERRAVERSE ğŸ®

@Real_terraverse

ğŸ”’ DOXXED TEAM 2X KYC
ğŸ’° 4% BUSD Rewards
ğŸš€ FAIRLAUNCH March 23 16:00 UTC
ğŸ‘¾ P2E Game 
â˜‘ï¸ LAUNCH March 26 on PCS
#BSC #BNB #BTC #DOGE #SHIBA #BSCGem #1000xgem #Terraverse",
99,1506570901868797952,":#QZKCoin #QZK #crypto #Blockchain #global payments #NFTs #metaverse.
projects with future are easily spotted by their nature and activities, I recommend this project to you because its the best offer you can ever think...",
